,category,links
0,political,https://en.setopati.com/political/161336
1,political,https://en.setopati.com/political/161336
2,political,https://en.setopati.com/political/161368
3,political,https://en.setopati.com/political/161365
4,political,https://en.setopati.com/political/161364
5,political,https://en.setopati.com/political/161363
6,political,https://en.setopati.com/political/161362
7,political,https://en.setopati.com/political/161361
8,political,https://en.setopati.com/political/161358
9,political,https://en.setopati.com/political/161356
10,political,https://en.setopati.com/political/161355
11,political,https://en.setopati.com/political/161354
12,political,https://en.setopati.com/political/161351
13,political,https://en.setopati.com/political/161350
14,political,https://en.setopati.com/political/161344
15,political,https://en.setopati.com/political/161341
16,political,https://en.setopati.com/political/161340
17,political,https://en.setopati.com/political/161339
18,political,https://en.setopati.com/political/161338
19,political,https://en.setopati.com/political/161336
20,political,https://en.setopati.com/political/161331
21,political,https://en.setopati.com/political/161336
22,political,https://en.setopati.com/political/161336
23,political,https://en.setopati.com/political/161330
24,political,https://en.setopati.com/political/161329
25,political,https://en.setopati.com/political/161328
26,political,https://en.setopati.com/political/161324
27,political,https://en.setopati.com/political/161321
28,political,https://en.setopati.com/political/161318
29,political,https://en.setopati.com/political/161315
30,political,https://en.setopati.com/political/161311
31,political,https://en.setopati.com/political/161308
32,political,https://en.setopati.com/political/161307
33,political,https://en.setopati.com/political/161304
34,political,https://en.setopati.com/political/161302
35,political,https://en.setopati.com/political/161296
36,political,https://en.setopati.com/political/161295
37,political,https://en.setopati.com/political/161294
38,political,https://en.setopati.com/political/161291
39,political,https://en.setopati.com/political/161290
40,political,https://en.setopati.com/political/161282
41,political,https://en.setopati.com/political/161281
42,social,https://en.setopati.com/social/161314
43,social,https://en.setopati.com/social/161314
44,social,https://en.setopati.com/social/161369
45,social,https://en.setopati.com/social/161367
46,social,https://en.setopati.com/social/161366
47,social,https://en.setopati.com/social/161360
48,social,https://en.setopati.com/social/161357
49,social,https://en.setopati.com/social/161352
50,social,https://en.setopati.com/social/161349
51,social,https://en.setopati.com/social/161348
52,social,https://en.setopati.com/social/161343
53,social,https://en.setopati.com/social/161337
54,social,https://en.setopati.com/social/161335
55,social,https://en.setopati.com/social/161332
56,social,https://en.setopati.com/social/161323
57,social,https://en.setopati.com/social/161322
58,social,https://en.setopati.com/social/161317
59,social,https://en.setopati.com/social/161314
60,social,https://en.setopati.com/social/161313
61,social,https://en.setopati.com/social/161312
62,social,https://en.setopati.com/social/161310
63,social,https://en.setopati.com/social/161314
64,social,https://en.setopati.com/social/161314
65,social,https://en.setopati.com/social/161309
66,social,https://en.setopati.com/social/161303
67,social,https://en.setopati.com/social/161300
68,social,https://en.setopati.com/social/161299
69,social,https://en.setopati.com/social/161284
70,social,https://en.setopati.com/social/161273
71,social,https://en.setopati.com/social/161268
72,social,https://en.setopati.com/social/161267
73,social,https://en.setopati.com/social/161265
74,social,https://en.setopati.com/social/161257
75,social,https://en.setopati.com/social/161252
76,social,https://en.setopati.com/social/161248
77,social,https://en.setopati.com/social/161246
78,social,https://en.setopati.com/social/161245
79,social,https://en.setopati.com/social/161244
80,social,https://en.setopati.com/social/161217
81,social,https://en.setopati.com/social/161183
82,social,https://en.setopati.com/social/161165
83,social,https://en.setopati.com/social/161124
84,market,https://en.setopati.com/Advertorial/160752
85,entertainment,https://en.setopati.com/entertainment/149141
86,entertainment,https://en.setopati.com/entertainment/148910
87,entertainment,https://en.setopati.com/entertainment/148654
88,entertainment,https://en.setopati.com/entertainment/146850
89,entertainment,https://en.setopati.com/entertainment/145829
90,entertainment,https://en.setopati.com/entertainment/145561
91,entertainment,https://en.setopati.com/entertainment/145444
92,entertainment,https://en.setopati.com/entertainment/144414
93,entertainment,https://en.setopati.com/entertainment/144189
94,entertainment,https://en.setopati.com/entertainment/143896
95,entertainment,https://en.setopati.com/entertainment/143329
96,entertainment,https://en.setopati.com/entertainment/142828
97,entertainment,https://en.setopati.com/entertainment/141676
98,entertainment,https://en.setopati.com/entertainment/141564
99,entertainment,https://en.setopati.com/entertainment/141200
100,entertainment,https://en.setopati.com/entertainment/140999
101,entertainment,https://en.setopati.com/entertainment/140886
102,entertainment,https://en.setopati.com/entertainment/140685
103,entertainment,https://en.setopati.com/entertainment/140498
104,entertainment,https://en.setopati.com/entertainment/140426
105,entertainment,https://en.setopati.com/entertainment/139767
106,entertainment,https://en.setopati.com/entertainment/139604
107,entertainment,https://en.setopati.com/entertainment/139199
108,entertainment,https://en.setopati.com/entertainment/139152
109,entertainment,https://en.setopati.com/entertainment/139069
110,entertainment,https://en.setopati.com/entertainment/139027
111,entertainment,https://en.setopati.com/entertainment/138655
112,entertainment,https://en.setopati.com/entertainment/138623
113,entertainment,https://en.setopati.com/entertainment/138560
114,entertainment,https://en.setopati.com/entertainment/138409
115,entertainment,https://en.setopati.com/entertainment/138061
116,entertainment,https://en.setopati.com/entertainment/137990
117,entertainment,https://en.setopati.com/entertainment/137622
118,entertainment,https://en.setopati.com/entertainment/137562
119,entertainment,https://en.setopati.com/entertainment/137334
120,entertainment,https://en.setopati.com/entertainment/135795
121,entertainment,https://en.setopati.com/entertainment/135165
122,entertainment,https://en.setopati.com/entertainment/135008
123,sports,https://en.setopati.com/sports/160161
124,sports,https://en.setopati.com/sports/160161
125,sports,https://en.setopati.com/sports/160161
126,sports,https://en.setopati.com/sports/159745
127,sports,https://en.setopati.com/sports/159578
128,sports,https://en.setopati.com/sports/159537
129,sports,https://en.setopati.com/sports/159515
130,sports,https://en.setopati.com/sports/159497
131,sports,https://en.setopati.com/sports/159489
132,sports,https://en.setopati.com/sports/159462
133,sports,https://en.setopati.com/sports/159461
134,sports,https://en.setopati.com/sports/159460
135,sports,https://en.setopati.com/sports/159458
136,sports,https://en.setopati.com/sports/159422
137,sports,https://en.setopati.com/sports/159418
138,sports,https://en.setopati.com/sports/159415
139,sports,https://en.setopati.com/sports/159377
140,sports,https://en.setopati.com/sports/159369
141,sports,https://en.setopati.com/sports/159357
142,sports,https://en.setopati.com/sports/159356
143,sports,https://en.setopati.com/sports/159355
144,sports,https://en.setopati.com/sports/160161
145,sports,https://en.setopati.com/sports/160161
146,sports,https://en.setopati.com/sports/159309
147,sports,https://en.setopati.com/sports/159308
148,sports,https://en.setopati.com/sports/159301
149,sports,https://en.setopati.com/sports/159297
150,sports,https://en.setopati.com/sports/159296
151,sports,https://en.setopati.com/sports/159295
152,sports,https://en.setopati.com/sports/159291
153,sports,https://en.setopati.com/sports/144960
154,sports,https://en.setopati.com/sports/143548
155,sports,https://en.setopati.com/sports/140006
156,sports,https://en.setopati.com/sports/137211
157,sports,https://en.setopati.com/sports/133003
158,sports,https://en.setopati.com/sports/131427
159,sports,https://en.setopati.com/sports/130517
160,sports,https://en.setopati.com/sports/130454
161,sports,https://en.setopati.com/sports/127779
162,sports,https://en.setopati.com/sports/124642
163,sports,https://en.setopati.com/sports/124076
164,sports,https://en.setopati.com/sports/121788
165,view,https://en.setopati.com/view/161118
166,view,https://en.setopati.com/view/161118
167,view,https://en.setopati.com/view/161159
168,view,https://en.setopati.com/view/161118
169,view,https://en.setopati.com/view/160937
170,view,https://en.setopati.com/view/160925
171,view,https://en.setopati.com/view/160810
172,view,https://en.setopati.com/view/160679
173,view,https://en.setopati.com/view/160246
174,view,https://en.setopati.com/view/160058
175,view,https://en.setopati.com/view/159842
176,view,https://en.setopati.com/view/159795
177,view,https://en.setopati.com/view/159658
178,view,https://en.setopati.com/view/159648
179,view,https://en.setopati.com/view/159494
180,view,https://en.setopati.com/view/159210
181,view,https://en.setopati.com/view/159047
182,view,https://en.setopati.com/view/159000
183,view,https://en.setopati.com/view/158895
184,view,https://en.setopati.com/view/158294
185,view,https://en.setopati.com/view/158189
186,view,https://en.setopati.com/view/161118
187,view,https://en.setopati.com/view/161118
188,view,https://en.setopati.com/view/158080
189,view,https://en.setopati.com/view/157918
190,view,https://en.setopati.com/view/157791
191,view,https://en.setopati.com/view/157157
192,view,https://en.setopati.com/view/156741
193,view,https://en.setopati.com/view/156322
194,view,https://en.setopati.com/view/156320
195,view,https://en.setopati.com/view/156283
196,view,https://en.setopati.com/view/156208
197,view,https://en.setopati.com/view/156163
198,view,https://en.setopati.com/view/156153
199,view,https://en.setopati.com/view/156064
200,view,https://en.setopati.com/view/156053
201,view,https://en.setopati.com/view/155970
202,view,https://en.setopati.com/view/155888
203,view,https://en.setopati.com/view/155853
204,view,https://en.setopati.com/view/155343
205,view,https://en.setopati.com/view/155256
206,view,https://en.setopati.com/view/154998
207,blog,https://en.setopati.com/blog/157721
208,blog,https://en.setopati.com/blog/157721
209,blog,https://en.setopati.com/blog/161211
210,blog,https://en.setopati.com/blog/160938
211,blog,https://en.setopati.com/blog/160781
212,blog,https://en.setopati.com/blog/160767
213,blog,https://en.setopati.com/blog/160701
214,blog,https://en.setopati.com/blog/160561
215,blog,https://en.setopati.com/blog/160442
216,blog,https://en.setopati.com/blog/160441
217,blog,https://en.setopati.com/blog/160199
218,blog,https://en.setopati.com/blog/160166
219,blog,https://en.setopati.com/blog/159758
220,blog,https://en.setopati.com/blog/159641
221,blog,https://en.setopati.com/blog/159327
222,blog,https://en.setopati.com/blog/158833
223,blog,https://en.setopati.com/blog/158758
224,blog,https://en.setopati.com/blog/158091
225,blog,https://en.setopati.com/blog/158028
226,blog,https://en.setopati.com/blog/157721
227,blog,https://en.setopati.com/blog/157720
228,blog,https://en.setopati.com/blog/157721
229,blog,https://en.setopati.com/blog/157721
230,blog,https://en.setopati.com/blog/157453
231,blog,https://en.setopati.com/blog/156947
232,blog,https://en.setopati.com/blog/156838
233,blog,https://en.setopati.com/blog/156689
234,blog,https://en.setopati.com/blog/156646
235,blog,https://en.setopati.com/blog/156588
236,blog,https://en.setopati.com/blog/156541
237,blog,https://en.setopati.com/blog/156333
238,blog,https://en.setopati.com/blog/156292
239,blog,https://en.setopati.com/blog/156092
240,blog,https://en.setopati.com/blog/156091
241,blog,https://en.setopati.com/blog/155801
242,blog,https://en.setopati.com/blog/155738
243,blog,https://en.setopati.com/blog/155529
244,blog,https://en.setopati.com/blog/155304
245,blog,https://en.setopati.com/blog/155147
246,blog,https://en.setopati.com/blog/154418
247,blog,https://en.setopati.com/blog/154339
248,blog,https://en.setopati.com/blog/154285
249,International,https://en.setopati.com/International/161288
250,International,https://en.setopati.com/International/161288
251,International,https://en.setopati.com/International/161359
252,International,https://en.setopati.com/International/161353
253,International,https://en.setopati.com/International/161347
254,International,https://en.setopati.com/International/161346
255,International,https://en.setopati.com/International/161345
256,International,https://en.setopati.com/International/161342
257,International,https://en.setopati.com/International/161334
258,International,https://en.setopati.com/International/161333
259,International,https://en.setopati.com/International/161327
260,International,https://en.setopati.com/International/161326
261,International,https://en.setopati.com/International/161325
262,International,https://en.setopati.com/International/161320
263,International,https://en.setopati.com/International/161319
264,International,https://en.setopati.com/International/161316
265,International,https://en.setopati.com/International/161306
266,International,https://en.setopati.com/International/161305
267,International,https://en.setopati.com/International/161301
268,International,https://en.setopati.com/International/161298
269,International,https://en.setopati.com/International/161297
270,International,https://en.setopati.com/International/161288
271,International,https://en.setopati.com/International/161288
272,International,https://en.setopati.com/International/161293
273,International,https://en.setopati.com/International/161292
274,International,https://en.setopati.com/International/161289
275,International,https://en.setopati.com/International/161288
276,International,https://en.setopati.com/International/161287
277,International,https://en.setopati.com/International/161286
278,International,https://en.setopati.com/International/161285
279,International,https://en.setopati.com/International/161283
280,International,https://en.setopati.com/International/161278
281,International,https://en.setopati.com/International/161277
282,International,https://en.setopati.com/International/161276
283,International,https://en.setopati.com/International/161272
284,International,https://en.setopati.com/International/161271
285,International,https://en.setopati.com/International/161270
286,International,https://en.setopati.com/International/161269
287,International,https://en.setopati.com/International/161262
288,International,https://en.setopati.com/International/161261
289,International,https://en.setopati.com/International/161259
290,International,https://en.setopati.com/International/161255
